<?xml version="1.0" encoding="UTF-8"?>
<project-private xmlns="http://www.netbeans.org/ns/project-private/1">
    <editor-bookmarks xmlns="http://www.netbeans.org/ns/editor-bookmarks/2" lastBookmarkId="0"/>
    <open-files xmlns="http://www.netbeans.org/ns/projectui-open-files/2">
        <group>
            <file>file:/C:/Sync/IDrive-Sync/EMPREGO/Pos-Graducao/HTTP_PUBLIC/PROJ1/EComm/src/java/order/logic/Order.java</file>
            <file>file:/C:/Sync/IDrive-Sync/EMPREGO/Pos-Graducao/HTTP_PUBLIC/PROJ1/EComm/src/java/product/logic/Product.java</file>
            <file>file:/C:/Sync/IDrive-Sync/EMPREGO/Pos-Graducao/HTTP_PUBLIC/PROJ1/EComm/src/java/order/logic/OrdersWs.java</file>
            <file>file:/C:/Sync/IDrive-Sync/EMPREGO/Pos-Graducao/HTTP_PUBLIC/PROJ1/EComm/src/java/product/logic/Products.java</file>
            <file>file:/C:/Sync/IDrive-Sync/EMPREGO/Pos-Graducao/HTTP_PUBLIC/PROJ1/EComm/src/java/product/logic/ProductsWs.java</file>
            <file>file:/C:/Sync/IDrive-Sync/EMPREGO/Pos-Graducao/HTTP_PUBLIC/PROJ1/EComm/src/java/order/logic/Orders.java</file>
        </group>
    </open-files>
</project-private>
